"Q1_star_avg","EIF_std","num_pp","Q1_star_lb","Q1_star_ub","patient_profiles","htn_med_class"
0.38803952122094,0.0232832529663709,1181,0.342404345406853,0.433674697035027,"(65,150]_[0,150]_[0,90]_(30,100]_[0,200]_(0.95,5]","acei"
0.381380128673215,0.0176541401501158,1646,0.346778013978988,0.415982243367441,"[0,65]_[0,150]_[0,90]_(30,100]_[0,200]_[0,0.95]","acei"
0.177681529571144,0.0220648363301133,809,0.134434450364122,0.220928608778166,"[0,65]_(150,300]_(90,200]_(30,100]_[0,200]_[0,0.95]","acei"
0.418539281004315,0.0199065649897184,1251,0.379522413624467,0.457556148384163,"(65,150]_[0,150]_[0,90]_[0,30]_[0,200]_(0.95,5]","acei"
0.167123667238505,0.025741258155055,604,0.116670801254597,0.217576533222413,"[0,65]_(150,300]_(90,200]_(30,100]_[0,200]_(0.95,5]","acei"
0.386028324790705,0.0235413422194463,967,0.339887294040591,0.43216935554082,"[0,65]_[0,150]_[0,90]_(30,100]_[0,200]_(0.95,5]","acei"
0.212644755186861,0.0270602558463014,660,0.15960665372811,0.265682856645611,"[0,65]_(150,300]_(90,200]_[0,30]_(200,300]_[0,0.95]","acei"
0.221497266377609,0.0326900882508577,455,0.157424693405928,0.28556983934929,"[0,65]_(150,300]_(90,200]_[0,30]_[0,200]_[0,0.95]","acei"
0.32510281258377,0.0219641566464403,700,0.282053065556747,0.368152559610793,"(65,150]_[0,150]_[0,90]_(30,100]_(200,300]_[0,0.95]","acei"
0.35956524991078,0.0149415996246637,1403,0.330279714646439,0.388850785175121,"(65,150]_[0,150]_[0,90]_(30,100]_[0,200]_[0,0.95]","acei"
0.183964232543757,0.0295342989599036,395,0.126077006582346,0.241851458505168,"(65,150]_(150,300]_(90,200]_[0,30]_(200,300]_[0,0.95]","acei"
0.312469015874011,0.0279431367552701,507,0.257700467833681,0.36723756391434,"[0,65]_[0,150]_[0,90]_(30,100]_(200,300]_(0.95,5]","acei"
0.165672221771537,0.0194331417540441,882,0.12758326393361,0.203761179609463,"[0,65]_(150,300]_(90,200]_(30,100]_(200,300]_[0,0.95]","acei"
0.351697411683154,0.0394549449896396,272,0.27436571950346,0.429029103862847,"[0,65]_[0,150]_(90,200]_[0,30]_(200,300]_(0.95,5]","acei"
0.23305454057021,0.0385821364421545,206,0.157433553143587,0.308675527996833,"(65,150]_(150,300]_(90,200]_(30,100]_[0,200]_(0.95,5]","acei"
0.101037874889784,0.0175049667366878,553,0.0667281400858763,0.135347609693692,"[0,65]_(150,300]_(90,200]_(30,100]_(200,300]_(0.95,5]","acei"
0.297427432492183,0.0346488011128733,605,0.229515782310951,0.365339082673415,"[0,65]_[0,150]_(90,200]_(30,100]_(200,300]_[0,0.95]","acei"
0.139737122130892,0.039001815142181,220,0.0632935644522177,0.216180679809567,"(65,150]_(150,300]_(90,200]_[0,30]_(200,300]_(0.95,5]","acei"
0.415950643693564,0.0295261656615466,603,0.358079358996933,0.473821928390195,"[0,65]_[0,150]_[0,90]_[0,30]_[0,200]_(0.95,5]","acei"
0.356595737437036,0.0332658033495008,553,0.291394762872015,0.421796712002058,"(65,150]_[0,150]_[0,90]_[0,30]_(200,300]_(0.95,5]","acei"
0.383443706250434,0.02991831591337,882,0.324803807060228,0.442083605440639,"[0,65]_[0,150]_[0,90]_(30,100]_(200,300]_[0,0.95]","acei"
0.261923999362193,0.0493663068855556,122,0.165166037866505,0.358681960857882,"[0,65]_(150,300]_[0,90]_(30,100]_(200,300]_(0.95,5]","acei"
0.404664366182576,0.0302200096738709,892,0.345433147221789,0.463895585143363,"[0,65]_[0,150]_[0,90]_[0,30]_[0,200]_[0,0.95]","acei"
0.232132246667756,0.0291507472420851,381,0.174996782073269,0.289267711262243,"(65,150]_(150,300]_[0,90]_(30,100]_[0,200]_(0.95,5]","acei"
0.314446389020486,0.0348551982789248,419,0.246130200393793,0.382762577647179,"[0,65]_[0,150]_(90,200]_[0,30]_(200,300]_[0,0.95]","acei"
0.466785129077172,0.0349450512878162,441,0.398292828553052,0.535277429601292,"[0,65]_[0,150]_[0,90]_[0,30]_(200,300]_(0.95,5]","acei"
0.424335510581707,0.0272493634251122,1418,0.370926758268487,0.477744262894927,"(65,150]_[0,150]_[0,90]_[0,30]_[0,200]_[0,0.95]","acei"
0.200044074853824,0.0536540952262575,116,0.0948820482103599,0.305206101497289,"(65,150]_[0,150]_(90,200]_(30,100]_[0,200]_(0.95,5]","acei"
0.204176611110951,0.0262188088870699,366,0.152787745692294,0.255565476529608,"[0,65]_(150,300]_(90,200]_[0,30]_[0,200]_(0.95,5]","acei"
0.427162247994571,0.026173572649869,975,0.375862045600828,0.478462450388314,"(65,150]_[0,150]_[0,90]_[0,30]_(200,300]_[0,0.95]","acei"
0.172368931858845,0.0412166267810348,153,0.0915843433680164,0.253153520349673,"(65,150]_(150,300]_[0,90]_(30,100]_(200,300]_(0.95,5]","acei"
0.327951808743094,0.0244397571918484,476,0.280049884647071,0.375853732839117,"(65,150]_(150,300]_[0,90]_(30,100]_[0,200]_[0,0.95]","acei"
0.312075409689932,0.0373640219109217,386,0.238841926744525,0.385308892635338,"[0,65]_[0,150]_(90,200]_[0,30]_[0,200]_[0,0.95]","acei"
0.184787418085535,0.0250172919995235,377,0.135753525766469,0.233821310404601,"[0,65]_(150,300]_(90,200]_[0,30]_(200,300]_(0.95,5]","acei"
0.214476330014337,0.0322133474003301,280,0.15133816910969,0.277614490918984,"(65,150]_(150,300]_(90,200]_[0,30]_[0,200]_[0,0.95]","acei"
0.250690003207727,0.0239844722112781,752,0.203680437673622,0.297699568741832,"[0,65]_[0,150]_(90,200]_(30,100]_[0,200]_[0,0.95]","acei"
0.250675765701914,0.0340549485358446,212,0.183928066571658,0.317423464832169,"(65,150]_(150,300]_(90,200]_[0,30]_[0,200]_(0.95,5]","acei"
0.241457897396287,0.0201049177750025,668,0.202052258557282,0.280863536235292,"(65,150]_(150,300]_[0,90]_[0,30]_[0,200]_[0,0.95]","acei"
0.113596381596238,0.0295310447035204,185,0.0557155339773385,0.171477229215138,"(65,150]_(150,300]_(90,200]_(30,100]_(200,300]_(0.95,5]","acei"
0.268664786518066,0.02971347380456,534,0.210426377861128,0.326903195175003,"[0,65]_[0,150]_(90,200]_(30,100]_[0,200]_(0.95,5]","acei"
0.200428816679015,0.0528097200842948,126,0.0969217653137976,0.303935868044233,"[0,65]_(150,300]_[0,90]_[0,30]_(200,300]_(0.95,5]","acei"
0.264866595945438,0.0400568269307867,396,0.186355215161096,0.34337797672978,"[0,65]_[0,150]_(90,200]_(30,100]_(200,300]_(0.95,5]","acei"
0.277284012566932,0.0421494687908319,252,0.194671053736901,0.359896971396962,"[0,65]_(150,300]_[0,90]_[0,30]_(200,300]_[0,0.95]","acei"
0.36350176337248,0.0223086312893891,708,0.319776846045277,0.407226680699682,"[0,65]_[0,150]_[0,90]_[0,30]_(200,300]_[0,0.95]","acei"
0.203769154718043,0.0293484217777217,345,0.146246248033709,0.261292061402377,"[0,65]_(150,300]_[0,90]_(30,100]_[0,200]_[0,0.95]","acei"
0.269509395782941,0.0231294491893477,436,0.22417567537182,0.314843116194063,"(65,150]_[0,150]_[0,90]_(30,100]_(200,300]_(0.95,5]","acei"
0.402640924800218,0.0535055609534256,227,0.297770025331504,0.507511824268932,"[0,65]_(150,300]_[0,90]_[0,30]_[0,200]_[0,0.95]","acei"
0.206065175360589,0.03338538671344,287,0.140629817402247,0.271500533318931,"(65,150]_(150,300]_(90,200]_(30,100]_[0,200]_[0,0.95]","acei"
0.191891817754524,0.0475048090783199,283,0.0987823919610172,0.285001243548031,"[0,65]_(150,300]_[0,90]_(30,100]_(200,300]_[0,0.95]","acei"
0.235878579194313,0.0474268882518317,302,0.142921878220723,0.328835280167903,"(65,150]_(150,300]_[0,90]_(30,100]_(200,300]_[0,0.95]","acei"
0.192657633163335,0.0249555367876128,526,0.143744781059614,0.241570485267056,"(65,150]_(150,300]_[0,90]_[0,30]_[0,200]_(0.95,5]","acei"
0.167742029305674,0.0280932934432642,315,0.112679174156877,0.222804884454472,"(65,150]_(150,300]_(90,200]_(30,100]_(200,300]_[0,0.95]","acei"
0.270279045643819,0.0530150803087048,123,0.166369488238757,0.37418860304888,"(65,150]_[0,150]_(90,200]_(30,100]_[0,200]_[0,0.95]","acei"
0.502181688492657,0.0628233693083482,78,0.379047884648295,0.62531549233702,"(65,150]_[0,150]_(90,200]_(30,100]_(200,300]_(0.95,5]","acei"
0.172782288800376,0.0555516739077226,108,0.0639010079412397,0.281663569659512,"(65,150]_[0,150]_(90,200]_(30,100]_(200,300]_[0,0.95]","acei"
0.377150371265776,0.036652605968401,325,0.305311263567711,0.448989478963842,"[0,65]_[0,150]_(90,200]_[0,30]_[0,200]_(0.95,5]","acei"
0.216695184609764,0.0269339304495713,337,0.163904680928604,0.269485688290924,"(65,150]_(150,300]_[0,90]_[0,30]_(200,300]_(0.95,5]","acei"
0.368122011177657,0.06399932285289,98,0.242683338385993,0.493560683969322,"(65,150]_[0,150]_(90,200]_[0,30]_[0,200]_(0.95,5]","acei"
0.259949919879649,0.0268902727059653,586,0.207244985375957,0.312654854383341,"(65,150]_(150,300]_[0,90]_[0,30]_(200,300]_[0,0.95]","acei"
0.230024431262738,0.0490430672430807,149,0.133900019466299,0.326148843059176,"[0,65]_(150,300]_[0,90]_[0,30]_[0,200]_(0.95,5]","acei"
0.222040036399513,0.0591918075505742,209,0.106024093600387,0.338055979198638,"[0,65]_(150,300]_[0,90]_(30,100]_[0,200]_(0.95,5]","acei"
0.31111639325391,0.0541902896109265,124,0.204903425616495,0.417329360891326,"(65,150]_[0,150]_(90,200]_[0,30]_[0,200]_[0,0.95]","acei"
0.28529871380538,0.0552422362689,130,0.177023930718336,0.393573496892424,"(65,150]_[0,150]_(90,200]_[0,30]_(200,300]_[0,0.95]","acei"
0.379799859038734,0.0568768222672076,76,0.268321287395008,0.491278430682461,"(65,150]_[0,150]_(90,200]_[0,30]_(200,300]_(0.95,5]","acei"
0.356365317641402,0.0177931393423724,1181,0.321490764530352,0.391239870752452,"(65,150]_[0,150]_[0,90]_(30,100]_[0,200]_(0.95,5]","arb"
0.355487209053476,0.0300238351813501,1646,0.29664049209803,0.414333926008922,"[0,65]_[0,150]_[0,90]_(30,100]_[0,200]_[0,0.95]","arb"
0.0969207668058114,0.0172677349406741,809,0.0630760063220902,0.130765527289533,"[0,65]_(150,300]_(90,200]_(30,100]_[0,200]_[0,0.95]","arb"
0.378615705168611,0.0166069407896425,1251,0.346066101220911,0.41116530911631,"(65,150]_[0,150]_[0,90]_[0,30]_[0,200]_(0.95,5]","arb"
0.121023533857923,0.0187339739899311,604,0.0843049448376583,0.157742122878188,"[0,65]_(150,300]_(90,200]_(30,100]_[0,200]_(0.95,5]","arb"
0.355423768887879,0.0173547416960404,967,0.32140847516364,0.389439062612118,"[0,65]_[0,150]_[0,90]_(30,100]_[0,200]_(0.95,5]","arb"
0.145324718171771,0.0235432242732915,660,0.0991799985961196,0.191469437747422,"[0,65]_(150,300]_(90,200]_[0,30]_(200,300]_[0,0.95]","arb"
0.110253232346884,0.0422797428511404,455,0.0273849363586488,0.193121528335119,"[0,65]_(150,300]_(90,200]_[0,30]_[0,200]_[0,0.95]","arb"
0.319558926357359,0.0189393062404217,700,0.282437886126132,0.356679966588585,"(65,150]_[0,150]_[0,90]_(30,100]_(200,300]_[0,0.95]","arb"
0.28933632646814,0.0221732419757879,1403,0.245876772195595,0.332795880740684,"(65,150]_[0,150]_[0,90]_(30,100]_[0,200]_[0,0.95]","arb"
0.234774765056592,0.0338070076800383,395,0.168513030003717,0.301036500109467,"(65,150]_(150,300]_(90,200]_[0,30]_(200,300]_[0,0.95]","arb"
0.335430927244818,0.0288394294830536,507,0.278905645458033,0.391956209031603,"[0,65]_[0,150]_[0,90]_(30,100]_(200,300]_(0.95,5]","arb"
0.154857147244021,0.0220945416166609,882,0.111551845675365,0.198162448812676,"[0,65]_(150,300]_(90,200]_(30,100]_(200,300]_[0,0.95]","arb"
0.431784879674583,0.0587278055901999,272,0.316678380717792,0.546891378631375,"[0,65]_[0,150]_(90,200]_[0,30]_(200,300]_(0.95,5]","arb"
0.132732683605694,0.028970564435885,206,0.0759503773113598,0.189514989900029,"(65,150]_(150,300]_(90,200]_(30,100]_[0,200]_(0.95,5]","arb"
0.107712605178327,0.0155618598027824,553,0.0772113599648739,0.138213850391781,"[0,65]_(150,300]_(90,200]_(30,100]_(200,300]_(0.95,5]","arb"
0.229201997712673,0.0358478024146584,605,0.158940304979942,0.299463690445403,"[0,65]_[0,150]_(90,200]_(30,100]_(200,300]_[0,0.95]","arb"
0.140499206896216,0.0310738153544584,220,0.0795945288014777,0.201403884990954,"(65,150]_(150,300]_(90,200]_[0,30]_(200,300]_(0.95,5]","arb"
0.44824470859861,0.0288832131592969,603,0.391633610806388,0.504855806390832,"[0,65]_[0,150]_[0,90]_[0,30]_[0,200]_(0.95,5]","arb"
0.329848649127116,0.0499187778352104,553,0.232007844570103,0.427689453684128,"(65,150]_[0,150]_[0,90]_[0,30]_(200,300]_(0.95,5]","arb"
0.330849692041167,0.0266831445334644,882,0.278550728755576,0.383148655326757,"[0,65]_[0,150]_[0,90]_(30,100]_(200,300]_[0,0.95]","arb"
0.129475326861025,0.051510272615954,122,0.0285151925337552,0.230435461188295,"[0,65]_(150,300]_[0,90]_(30,100]_(200,300]_(0.95,5]","arb"
0.383102706143447,0.0291742315110855,892,0.32592121238172,0.440284199905175,"[0,65]_[0,150]_[0,90]_[0,30]_[0,200]_[0,0.95]","arb"
0.132964112081646,0.0192267725108229,381,0.095279637960433,0.170648586202859,"(65,150]_(150,300]_[0,90]_(30,100]_[0,200]_(0.95,5]","arb"
0.310155283827332,0.0255802753827033,419,0.260017944077234,0.360292623577431,"[0,65]_[0,150]_(90,200]_[0,30]_(200,300]_[0,0.95]","arb"
0.385949813751511,0.0268418950935641,441,0.333339699368125,0.438559928134897,"[0,65]_[0,150]_[0,90]_[0,30]_(200,300]_(0.95,5]","arb"
0.340348159229658,0.0270201846882572,1418,0.287388597240674,0.393307721218642,"(65,150]_[0,150]_[0,90]_[0,30]_[0,200]_[0,0.95]","arb"
0.482813802028263,0.0526251984689966,116,0.37966841302903,0.585959191027496,"(65,150]_[0,150]_(90,200]_(30,100]_[0,200]_(0.95,5]","arb"
0.116660544277223,0.0211116795451283,366,0.0752816523687711,0.158039436185674,"[0,65]_(150,300]_(90,200]_[0,30]_[0,200]_(0.95,5]","arb"
0.425796379624769,0.0195493780841475,975,0.38747959857984,0.464113160669698,"(65,150]_[0,150]_[0,90]_[0,30]_(200,300]_[0,0.95]","arb"
0.0970966704218518,0.0359721915115793,153,0.0265911750591563,0.167602165784547,"(65,150]_(150,300]_[0,90]_(30,100]_(200,300]_(0.95,5]","arb"
0.282959477307856,0.0231328071661295,476,0.237619175262242,0.328299779353469,"(65,150]_(150,300]_[0,90]_(30,100]_[0,200]_[0,0.95]","arb"
0.245788945135468,0.030980954943369,386,0.185066273446465,0.306511616824471,"[0,65]_[0,150]_(90,200]_[0,30]_[0,200]_[0,0.95]","arb"
0.124229129044407,0.0246499833994335,377,0.0759151615815178,0.172543096507297,"[0,65]_(150,300]_(90,200]_[0,30]_(200,300]_(0.95,5]","arb"
0.111189045094464,0.0290671870069353,280,0.0542173585608707,0.168160731628057,"(65,150]_(150,300]_(90,200]_[0,30]_[0,200]_[0,0.95]","arb"
0.205762300003734,0.0169017435843641,752,0.17263488257838,0.238889717429088,"[0,65]_[0,150]_(90,200]_(30,100]_[0,200]_[0,0.95]","arb"
0.296874978632129,0.0313511336071833,212,0.23542675676205,0.358323200502208,"(65,150]_(150,300]_(90,200]_[0,30]_[0,200]_(0.95,5]","arb"
0.170605921287787,0.020098857557431,668,0.131212160475223,0.209999682100352,"(65,150]_(150,300]_[0,90]_[0,30]_[0,200]_[0,0.95]","arb"
0.104483719946733,0.0261050227143239,185,0.0533178754266578,0.155649564466807,"(65,150]_(150,300]_(90,200]_(30,100]_(200,300]_(0.95,5]","arb"
0.223938144849806,0.0205428408618122,534,0.183674176760654,0.264202112938958,"[0,65]_[0,150]_(90,200]_(30,100]_[0,200]_(0.95,5]","arb"
0.110685231504897,0.0353366400136668,126,0.0414254170781104,0.179945045931684,"[0,65]_(150,300]_[0,90]_[0,30]_(200,300]_(0.95,5]","arb"
0.163683544650293,0.0236530625232479,396,0.117323542104727,0.210043547195859,"[0,65]_[0,150]_(90,200]_(30,100]_(200,300]_(0.95,5]","arb"
0.325025847766043,0.0338907624373854,252,0.258599953388767,0.391451742143318,"[0,65]_(150,300]_[0,90]_[0,30]_(200,300]_[0,0.95]","arb"
0.378928103752776,0.0210777412167008,708,0.337615730968042,0.420240476537509,"[0,65]_[0,150]_[0,90]_[0,30]_(200,300]_[0,0.95]","arb"
0.230594473803332,0.025568301806138,345,0.180480602263302,0.280708345343363,"[0,65]_(150,300]_[0,90]_(30,100]_[0,200]_[0,0.95]","arb"
0.294961278887077,0.0331785504286329,436,0.229931320046956,0.359991237727197,"(65,150]_[0,150]_[0,90]_(30,100]_(200,300]_(0.95,5]","arb"
0.220978467177428,0.0314367941774877,227,0.159362350589552,0.282594583765304,"[0,65]_(150,300]_[0,90]_[0,30]_[0,200]_[0,0.95]","arb"
0.192933183784899,0.0260907776246605,287,0.141795259640564,0.244071107929233,"(65,150]_(150,300]_(90,200]_(30,100]_[0,200]_[0,0.95]","arb"
0.198477652640775,0.038760916190133,283,0.122506256908115,0.274449048373436,"[0,65]_(150,300]_[0,90]_(30,100]_(200,300]_[0,0.95]","arb"
0.18683676898794,0.0540326803893179,302,0.0809327154248772,0.292740822551003,"(65,150]_(150,300]_[0,90]_(30,100]_(200,300]_[0,0.95]","arb"
0.198106914651136,0.0220165613897011,526,0.154954454327322,0.24125937497495,"(65,150]_(150,300]_[0,90]_[0,30]_[0,200]_(0.95,5]","arb"
0.146878058500401,0.0284921740965564,315,0.0910333972711502,0.202722719729651,"(65,150]_(150,300]_(90,200]_(30,100]_(200,300]_[0,0.95]","arb"
0.0909401071117468,0.0260307534599145,123,0.0399198303303145,0.141960383893179,"(65,150]_[0,150]_(90,200]_(30,100]_[0,200]_[0,0.95]","arb"
0.345176858898013,0.0630961407658905,78,0.221508422996868,0.468845294799159,"(65,150]_[0,150]_(90,200]_(30,100]_(200,300]_(0.95,5]","arb"
0.575346145556342,0.051690984020946,108,0.474031816875288,0.676660474237397,"(65,150]_[0,150]_(90,200]_(30,100]_(200,300]_[0,0.95]","arb"
0.302751016821631,0.027547280822956,325,0.248758346408637,0.356743687234625,"[0,65]_[0,150]_(90,200]_[0,30]_[0,200]_(0.95,5]","arb"
0.260193990236626,0.0444995741397903,337,0.172974824922637,0.347413155550615,"(65,150]_(150,300]_[0,90]_[0,30]_(200,300]_(0.95,5]","arb"
0.251630636404359,0.0527161394876594,98,0.148307003008547,0.354954269800172,"(65,150]_[0,150]_(90,200]_[0,30]_[0,200]_(0.95,5]","arb"
0.256943428181298,0.0208362079150483,586,0.216104460667803,0.297782395694793,"(65,150]_(150,300]_[0,90]_[0,30]_(200,300]_[0,0.95]","arb"
0.299338063265,0.045038469911566,149,0.211062662238331,0.38761346429167,"[0,65]_(150,300]_[0,90]_[0,30]_[0,200]_(0.95,5]","arb"
0.101995007425958,0.0379183643680471,209,0.0276750132645853,0.17631500158733,"[0,65]_(150,300]_[0,90]_(30,100]_[0,200]_(0.95,5]","arb"
0.312080521975824,0.0485119188781109,124,0.216997160974726,0.407163882976921,"(65,150]_[0,150]_(90,200]_[0,30]_[0,200]_[0,0.95]","arb"
0.311653167684064,0.0378959053440388,130,0.237377193209748,0.385929142158381,"(65,150]_[0,150]_(90,200]_[0,30]_(200,300]_[0,0.95]","arb"
0.374599232560181,0.0577153304706307,76,0.261477184837745,0.487721280282617,"(65,150]_[0,150]_(90,200]_[0,30]_(200,300]_(0.95,5]","arb"
0.314774056250766,0.0134570600680622,1181,0.288398218517364,0.341149893984167,"(65,150]_[0,150]_[0,90]_(30,100]_[0,200]_(0.95,5]","ccb"
0.31568181173634,0.0193408074334545,1646,0.277773829166769,0.353589794305911,"[0,65]_[0,150]_[0,90]_(30,100]_[0,200]_[0,0.95]","ccb"
0.141420670395971,0.0194678427219247,809,0.103263698660999,0.179577642130944,"[0,65]_(150,300]_(90,200]_(30,100]_[0,200]_[0,0.95]","ccb"
0.351156362117014,0.0147847072298243,1251,0.322178335946559,0.38013438828747,"(65,150]_[0,150]_[0,90]_[0,30]_[0,200]_(0.95,5]","ccb"
0.156448645874181,0.0285772031851979,604,0.100437327631193,0.212459964117169,"[0,65]_(150,300]_(90,200]_(30,100]_[0,200]_(0.95,5]","ccb"
0.248415192871321,0.0248869426149984,967,0.199636785345924,0.297193600396718,"[0,65]_[0,150]_[0,90]_(30,100]_[0,200]_(0.95,5]","ccb"
0.108654628235454,0.0208452460242197,660,0.067797946027983,0.149511310442924,"[0,65]_(150,300]_(90,200]_[0,30]_(200,300]_[0,0.95]","ccb"
0.240936319337718,0.023879737800373,455,0.194132033248987,0.287740605426449,"[0,65]_(150,300]_(90,200]_[0,30]_[0,200]_[0,0.95]","ccb"
0.38635450269177,0.0306623423474032,700,0.32625631169086,0.44645269369268,"(65,150]_[0,150]_[0,90]_(30,100]_(200,300]_[0,0.95]","ccb"
0.424403267403171,0.0138781742245177,1403,0.397202045923117,0.451604488883226,"(65,150]_[0,150]_[0,90]_(30,100]_[0,200]_[0,0.95]","ccb"
0.247099132678227,0.0312202011021236,395,0.185907538518065,0.308290726838389,"(65,150]_(150,300]_(90,200]_[0,30]_(200,300]_[0,0.95]","ccb"
0.293590395148255,0.0503913474907532,507,0.194823354066379,0.392357436230131,"[0,65]_[0,150]_[0,90]_(30,100]_(200,300]_(0.95,5]","ccb"
0.0975743360005076,0.0142201235149252,882,0.0697028939112542,0.125445778089761,"[0,65]_(150,300]_(90,200]_(30,100]_(200,300]_[0,0.95]","ccb"
0.163607642555893,0.0288174004487699,272,0.107125537676304,0.220089747435482,"[0,65]_[0,150]_(90,200]_[0,30]_(200,300]_(0.95,5]","ccb"
0.124093496907858,0.0663722821049201,206,-0.00599617601778506,0.254183169833502,"(65,150]_(150,300]_(90,200]_(30,100]_[0,200]_(0.95,5]","ccb"
0.0823686654400474,0.018012560330541,553,0.047064047192187,0.117673283687908,"[0,65]_(150,300]_(90,200]_(30,100]_(200,300]_(0.95,5]","ccb"
0.150383403713151,0.0234695046813406,605,0.104383174537723,0.196383632888578,"[0,65]_[0,150]_(90,200]_(30,100]_(200,300]_[0,0.95]","ccb"
0.147076726279268,0.0309742400017891,220,0.0863672158757615,0.207786236682775,"(65,150]_(150,300]_(90,200]_[0,30]_(200,300]_(0.95,5]","ccb"
0.29808529253295,0.0279269907354961,603,0.243348390691378,0.352822194374522,"[0,65]_[0,150]_[0,90]_[0,30]_[0,200]_(0.95,5]","ccb"
0.380863203197119,0.0232104310440165,553,0.335370758350847,0.426355648043391,"(65,150]_[0,150]_[0,90]_[0,30]_(200,300]_(0.95,5]","ccb"
0.306052756312508,0.0285520696105554,882,0.25009069987582,0.362014812749197,"[0,65]_[0,150]_[0,90]_(30,100]_(200,300]_[0,0.95]","ccb"
0.236766986034642,0.048147906447108,122,0.14239708939831,0.331136882670974,"[0,65]_(150,300]_[0,90]_(30,100]_(200,300]_(0.95,5]","ccb"
0.341389109599859,0.027523691360651,892,0.287442674532983,0.395335544666735,"[0,65]_[0,150]_[0,90]_[0,30]_[0,200]_[0,0.95]","ccb"
0.228138944789937,0.0243850436191193,381,0.180344259296463,0.275933630283411,"(65,150]_(150,300]_[0,90]_(30,100]_[0,200]_(0.95,5]","ccb"
0.173879021612201,0.0388654086749375,419,0.0977028206093238,0.250055222615079,"[0,65]_[0,150]_(90,200]_[0,30]_(200,300]_[0,0.95]","ccb"
0.369229518463591,0.0303148128019906,441,0.30981248537169,0.428646551555493,"[0,65]_[0,150]_[0,90]_[0,30]_(200,300]_(0.95,5]","ccb"
0.351316304813954,0.0215201518945862,1418,0.309136807100565,0.393495802527343,"(65,150]_[0,150]_[0,90]_[0,30]_[0,200]_[0,0.95]","ccb"
0.34058388606231,0.0437354624681041,116,0.254862379624826,0.426305392499794,"(65,150]_[0,150]_(90,200]_(30,100]_[0,200]_(0.95,5]","ccb"
0.161763870310921,0.0246893483150854,366,0.113372747613353,0.210154993008488,"[0,65]_(150,300]_(90,200]_[0,30]_[0,200]_(0.95,5]","ccb"
0.416301405486914,0.039803979535341,975,0.338285605597646,0.494317205376183,"(65,150]_[0,150]_[0,90]_[0,30]_(200,300]_[0,0.95]","ccb"
0.282562257275208,0.0383329151068139,153,0.207429743665853,0.357694770884564,"(65,150]_(150,300]_[0,90]_(30,100]_(200,300]_(0.95,5]","ccb"
0.246233118858258,0.0212743238025421,476,0.204535444205276,0.287930793511241,"(65,150]_(150,300]_[0,90]_(30,100]_[0,200]_[0,0.95]","ccb"
0.179513648668805,0.0380314354291013,386,0.104972035227767,0.254055262109844,"[0,65]_[0,150]_(90,200]_[0,30]_[0,200]_[0,0.95]","ccb"
0.105759596805964,0.0396621334955469,377,0.028021815154692,0.183497378457236,"[0,65]_(150,300]_(90,200]_[0,30]_(200,300]_(0.95,5]","ccb"
0.171527283034888,0.0550820673574607,280,0.0635664310142653,0.279488135055511,"(65,150]_(150,300]_(90,200]_[0,30]_[0,200]_[0,0.95]","ccb"
0.133124509268811,0.0265322072221915,752,0.081121383113316,0.185127635424307,"[0,65]_[0,150]_(90,200]_(30,100]_[0,200]_[0,0.95]","ccb"
0.305950151382783,0.0491045510727707,212,0.209705231280153,0.402195071485414,"(65,150]_(150,300]_(90,200]_[0,30]_[0,200]_(0.95,5]","ccb"
0.214813344256073,0.0216102592829559,668,0.172457236061479,0.257169452450666,"(65,150]_(150,300]_[0,90]_[0,30]_[0,200]_[0,0.95]","ccb"
0.148861985237028,0.0304440997607443,185,0.0891915497059691,0.208532420768087,"(65,150]_(150,300]_(90,200]_(30,100]_(200,300]_(0.95,5]","ccb"
0.116777975484087,0.023415019983119,534,0.0708845363171742,0.162671414651001,"[0,65]_[0,150]_(90,200]_(30,100]_[0,200]_(0.95,5]","ccb"
0.269123540857656,0.0516068863585993,126,0.167974043594801,0.37027303812051,"[0,65]_(150,300]_[0,90]_[0,30]_(200,300]_(0.95,5]","ccb"
0.134812679929897,0.0217052856555259,396,0.0922703200450659,0.177355039814728,"[0,65]_[0,150]_(90,200]_(30,100]_(200,300]_(0.95,5]","ccb"
0.215030736682618,0.0334848677737455,252,0.149400395846077,0.280661077519159,"[0,65]_(150,300]_[0,90]_[0,30]_(200,300]_[0,0.95]","ccb"
0.31204318933103,0.0250662772498696,708,0.262913285921286,0.361173092740775,"[0,65]_[0,150]_[0,90]_[0,30]_(200,300]_[0,0.95]","ccb"
0.213233928118705,0.0354364565721963,345,0.1437784732372,0.282689383000209,"[0,65]_(150,300]_[0,90]_(30,100]_[0,200]_[0,0.95]","ccb"
0.303361511321677,0.0242046477391703,436,0.255920401752903,0.350802620890451,"(65,150]_[0,150]_[0,90]_(30,100]_(200,300]_(0.95,5]","ccb"
0.209752085164042,0.0311288091248367,227,0.148739619279362,0.270764551048722,"[0,65]_(150,300]_[0,90]_[0,30]_[0,200]_[0,0.95]","ccb"
0.154725886512548,0.0542020370664475,287,0.048489893862311,0.260961879162785,"(65,150]_(150,300]_(90,200]_(30,100]_[0,200]_[0,0.95]","ccb"
0.0965413986111656,0.0236953406629654,283,0.0500985309117534,0.142984266310578,"[0,65]_(150,300]_[0,90]_(30,100]_(200,300]_[0,0.95]","ccb"
0.196748399453404,0.0265740066974757,302,0.144663346326352,0.248833452580457,"(65,150]_(150,300]_[0,90]_(30,100]_(200,300]_[0,0.95]","ccb"
0.195935433687605,0.0270959690760658,526,0.142827334298516,0.249043533076694,"(65,150]_(150,300]_[0,90]_[0,30]_[0,200]_(0.95,5]","ccb"
0.122088462117942,0.0239380742200916,315,0.0751698366465621,0.169007087589321,"(65,150]_(150,300]_(90,200]_(30,100]_(200,300]_[0,0.95]","ccb"
0.316083448475413,0.0434402203410339,123,0.230940616606987,0.40122628034384,"(65,150]_[0,150]_(90,200]_(30,100]_[0,200]_[0,0.95]","ccb"
0.127702746924305,0.0566870714270082,78,0.0165960869273691,0.238809406921241,"(65,150]_[0,150]_(90,200]_(30,100]_(200,300]_(0.95,5]","ccb"
0.248712341287395,0.0438730620013618,108,0.162721139764726,0.334703542810064,"(65,150]_[0,150]_(90,200]_(30,100]_(200,300]_[0,0.95]","ccb"
0.269763563790451,0.0561076982277776,325,0.159792475264007,0.379734652316895,"[0,65]_[0,150]_(90,200]_[0,30]_[0,200]_(0.95,5]","ccb"
0.236817179835706,0.0321595768246548,337,0.173784409259383,0.29984995041203,"(65,150]_(150,300]_[0,90]_[0,30]_(200,300]_(0.95,5]","ccb"
0.129534470943006,0.0421773188327699,98,0.0468669260307769,0.212202015855235,"(65,150]_[0,150]_(90,200]_[0,30]_[0,200]_(0.95,5]","ccb"
0.21701708598066,0.0176302753124722,586,0.182461746368215,0.251572425593106,"(65,150]_(150,300]_[0,90]_[0,30]_(200,300]_[0,0.95]","ccb"
0.450441136725438,0.0619361608710521,149,0.329046261418175,0.5718360120327,"[0,65]_(150,300]_[0,90]_[0,30]_[0,200]_(0.95,5]","ccb"
0.17880961874887,0.0338299904090812,209,0.112502837547071,0.245116399950669,"[0,65]_(150,300]_[0,90]_(30,100]_[0,200]_(0.95,5]","ccb"
0.24533739691976,0.0445811407532583,124,0.157958361043374,0.332716432796147,"(65,150]_[0,150]_(90,200]_[0,30]_[0,200]_[0,0.95]","ccb"
0.302165435008702,0.0420789078699672,130,0.219690775583566,0.384640094433838,"(65,150]_[0,150]_(90,200]_[0,30]_(200,300]_[0,0.95]","ccb"
0.158693139911055,0.0515198156567079,76,0.0577143012239071,0.259671978598202,"(65,150]_[0,150]_(90,200]_[0,30]_(200,300]_(0.95,5]","ccb"
0.426802091374462,0.0233021089396789,1181,0.381129957852692,0.472474224896233,"(65,150]_[0,150]_[0,90]_(30,100]_[0,200]_(0.95,5]","diuretics"
0.335199941919993,0.0220946545364339,1646,0.291894419028582,0.378505464811403,"[0,65]_[0,150]_[0,90]_(30,100]_[0,200]_[0,0.95]","diuretics"
0.134520453154524,0.0192496566820584,809,0.0967911260576894,0.172249780251359,"[0,65]_(150,300]_(90,200]_(30,100]_[0,200]_[0,0.95]","diuretics"
0.419396368932435,0.037445327010574,1251,0.34600352799171,0.49278920987316,"(65,150]_[0,150]_[0,90]_[0,30]_[0,200]_(0.95,5]","diuretics"
0.15148929529921,0.0251409804241653,604,0.102212973667846,0.200765616930574,"[0,65]_(150,300]_(90,200]_(30,100]_[0,200]_(0.95,5]","diuretics"
0.391598022719896,0.0158094737415341,967,0.36061145418649,0.422584591253303,"[0,65]_[0,150]_[0,90]_(30,100]_[0,200]_(0.95,5]","diuretics"
0.232598609431511,0.0198111970797615,660,0.193768663155178,0.271428555707843,"[0,65]_(150,300]_(90,200]_[0,30]_(200,300]_[0,0.95]","diuretics"
0.193730677553971,0.0278289117031235,455,0.139186010615849,0.248275344492093,"[0,65]_(150,300]_(90,200]_[0,30]_[0,200]_[0,0.95]","diuretics"
0.463111868688384,0.0225534272021167,700,0.418907151372235,0.507316586004533,"(65,150]_[0,150]_[0,90]_(30,100]_(200,300]_[0,0.95]","diuretics"
0.38318116226524,0.0260748394676269,1403,0.332074476908692,0.434287847621789,"(65,150]_[0,150]_[0,90]_(30,100]_[0,200]_[0,0.95]","diuretics"
0.226054478750581,0.0250808397753835,395,0.17689603279083,0.275212924710333,"(65,150]_(150,300]_(90,200]_[0,30]_(200,300]_[0,0.95]","diuretics"
0.307456389417711,0.0492193566962904,507,0.210986450292982,0.40392632854244,"[0,65]_[0,150]_[0,90]_(30,100]_(200,300]_(0.95,5]","diuretics"
0.159243432359482,0.0201593916331666,882,0.119731024758476,0.198755839960489,"[0,65]_(150,300]_(90,200]_(30,100]_(200,300]_[0,0.95]","diuretics"
0.236685488158191,0.0646733055658167,272,0.10992580924919,0.363445167067192,"[0,65]_[0,150]_(90,200]_[0,30]_(200,300]_(0.95,5]","diuretics"
0.188195102373265,0.0358610385159455,206,0.117907466882012,0.258482737864518,"(65,150]_(150,300]_(90,200]_(30,100]_[0,200]_(0.95,5]","diuretics"
0.1516321826023,0.0212537392584775,553,0.109974853655684,0.193289511548916,"[0,65]_(150,300]_(90,200]_(30,100]_(200,300]_(0.95,5]","diuretics"
0.186443211699882,0.0319234084230895,605,0.123873331190627,0.249013092209138,"[0,65]_[0,150]_(90,200]_(30,100]_(200,300]_[0,0.95]","diuretics"
0.1624750679875,0.0298073576201972,220,0.104052647051913,0.220897488923086,"(65,150]_(150,300]_(90,200]_[0,30]_(200,300]_(0.95,5]","diuretics"
0.338548152445383,0.048497429706896,603,0.243493190219867,0.433603114670899,"[0,65]_[0,150]_[0,90]_[0,30]_[0,200]_(0.95,5]","diuretics"
0.364702023506902,0.0271276410515085,553,0.311531847045945,0.417872199967858,"(65,150]_[0,150]_[0,90]_[0,30]_(200,300]_(0.95,5]","diuretics"
0.284466235351127,0.0196750291793514,882,0.245903178159598,0.323029292542656,"[0,65]_[0,150]_[0,90]_(30,100]_(200,300]_[0,0.95]","diuretics"
0.300696800863409,0.0880797208528236,122,0.128060547991875,0.473333053734943,"[0,65]_(150,300]_[0,90]_(30,100]_(200,300]_(0.95,5]","diuretics"
0.45105022711337,0.0321974224704501,892,0.387943279071288,0.514157175155453,"[0,65]_[0,150]_[0,90]_[0,30]_[0,200]_[0,0.95]","diuretics"
0.146858629879102,0.0270581330397947,381,0.0938246891211044,0.1998925706371,"(65,150]_(150,300]_[0,90]_(30,100]_[0,200]_(0.95,5]","diuretics"
0.227717046657215,0.0238779678767494,419,0.180916229618786,0.274517863695644,"[0,65]_[0,150]_(90,200]_[0,30]_(200,300]_[0,0.95]","diuretics"
0.325311279065452,0.0237025029591806,441,0.278854373265458,0.371768184865446,"[0,65]_[0,150]_[0,90]_[0,30]_(200,300]_(0.95,5]","diuretics"
0.451012597520244,0.0208874512030413,1418,0.410073193162283,0.491952001878205,"(65,150]_[0,150]_[0,90]_[0,30]_[0,200]_[0,0.95]","diuretics"
0.291433384816847,0.05274300399584,116,0.188057096985,0.394809672648693,"(65,150]_[0,150]_(90,200]_(30,100]_[0,200]_(0.95,5]","diuretics"
0.230284661043011,0.035464592151959,366,0.160774060425172,0.299795261660851,"[0,65]_(150,300]_(90,200]_[0,30]_[0,200]_(0.95,5]","diuretics"
0.408945605759531,0.0242128250202037,975,0.361488468719932,0.45640274279913,"(65,150]_[0,150]_[0,90]_[0,30]_(200,300]_[0,0.95]","diuretics"
0.192101301448023,0.0384541288542903,153,0.116731208893614,0.267471394002432,"(65,150]_(150,300]_[0,90]_(30,100]_(200,300]_(0.95,5]","diuretics"
0.291652389257431,0.035917582322899,476,0.221253927904549,0.362050850610313,"(65,150]_(150,300]_[0,90]_(30,100]_[0,200]_[0,0.95]","diuretics"
0.224238711112438,0.0272440598329903,386,0.170840353839777,0.277637068385099,"[0,65]_[0,150]_(90,200]_[0,30]_[0,200]_[0,0.95]","diuretics"
0.190794041239947,0.0317703882213374,377,0.128524080326126,0.253064002153769,"[0,65]_(150,300]_(90,200]_[0,30]_(200,300]_(0.95,5]","diuretics"
0.2657079162857,0.0308058692849441,280,0.205328412487209,0.32608742008419,"(65,150]_(150,300]_(90,200]_[0,30]_[0,200]_[0,0.95]","diuretics"
0.248097535379836,0.0178316948065404,752,0.213147413559016,0.283047657200655,"[0,65]_[0,150]_(90,200]_(30,100]_[0,200]_[0,0.95]","diuretics"
0.218547645082852,0.0263106120787732,212,0.166978845408456,0.270116444757247,"(65,150]_(150,300]_(90,200]_[0,30]_[0,200]_(0.95,5]","diuretics"
0.333047335987665,0.0228058257175069,668,0.288347917581351,0.377746754393978,"(65,150]_(150,300]_[0,90]_[0,30]_[0,200]_[0,0.95]","diuretics"
0.187872130462324,0.0636302678911728,185,0.063156805395625,0.312587455529023,"(65,150]_(150,300]_(90,200]_(30,100]_(200,300]_(0.95,5]","diuretics"
0.190104564790603,0.038789783205786,534,0.114076589707262,0.266132539873943,"[0,65]_[0,150]_(90,200]_(30,100]_[0,200]_(0.95,5]","diuretics"
0.263796725408393,0.0544783851689283,126,0.157019090477294,0.370574360339493,"[0,65]_(150,300]_[0,90]_[0,30]_(200,300]_(0.95,5]","diuretics"
0.152304700878602,0.039721992241587,396,0.0744495960850912,0.230159805672112,"[0,65]_[0,150]_(90,200]_(30,100]_(200,300]_(0.95,5]","diuretics"
0.163780839942265,0.0525672592749858,252,0.060749011763293,0.266812668121237,"[0,65]_(150,300]_[0,90]_[0,30]_(200,300]_[0,0.95]","diuretics"
0.29732000318773,0.0257942312416129,708,0.246763309954169,0.347876696421292,"[0,65]_[0,150]_[0,90]_[0,30]_(200,300]_[0,0.95]","diuretics"
0.148722534568258,0.0252402122849584,345,0.0992517184897398,0.198193350646777,"[0,65]_(150,300]_[0,90]_(30,100]_[0,200]_[0,0.95]","diuretics"
0.437890574487002,0.0596709536254193,436,0.32093550538118,0.554845643592824,"(65,150]_[0,150]_[0,90]_(30,100]_(200,300]_(0.95,5]","diuretics"
0.275845880946024,0.0477979179539985,227,0.182161961756187,0.369529800135861,"[0,65]_(150,300]_[0,90]_[0,30]_[0,200]_[0,0.95]","diuretics"
0.229156275840992,0.0310988157203272,287,0.168202597029151,0.290109954652833,"(65,150]_(150,300]_(90,200]_(30,100]_[0,200]_[0,0.95]","diuretics"
0.198799291132175,0.0381730596450086,283,0.123980094227959,0.273618488036392,"[0,65]_(150,300]_[0,90]_(30,100]_(200,300]_[0,0.95]","diuretics"
0.188154730753927,0.049087485289549,302,0.0919432595864115,0.284366201921443,"(65,150]_(150,300]_[0,90]_(30,100]_(200,300]_[0,0.95]","diuretics"
0.342008023295525,0.0433387599290118,526,0.257064053834662,0.426951992756388,"(65,150]_(150,300]_[0,90]_[0,30]_[0,200]_(0.95,5]","diuretics"
0.155870261499231,0.0279351765377651,315,0.101117315485211,0.210623207513251,"(65,150]_(150,300]_(90,200]_(30,100]_(200,300]_[0,0.95]","diuretics"
0.124217569996752,0.0370140602447501,123,0.0516700119170414,0.196765128076462,"(65,150]_[0,150]_(90,200]_(30,100]_[0,200]_[0,0.95]","diuretics"
0.383677662910524,0.0657774367737858,78,0.254753886833904,0.512601438987144,"(65,150]_[0,150]_(90,200]_(30,100]_(200,300]_(0.95,5]","diuretics"
0.43027876738243,0.0549754306446334,108,0.322526923318948,0.538030611445911,"(65,150]_[0,150]_(90,200]_(30,100]_(200,300]_[0,0.95]","diuretics"
0.342473950938197,0.0289356625873011,325,0.285760052267087,0.399187849609308,"[0,65]_[0,150]_(90,200]_[0,30]_[0,200]_(0.95,5]","diuretics"
0.291062427918633,0.0392534548840944,337,0.214125656345808,0.367999199491458,"(65,150]_(150,300]_[0,90]_[0,30]_(200,300]_(0.95,5]","diuretics"
0.351408051557011,0.051882016688898,98,0.249719298846771,0.45309680426725,"(65,150]_[0,150]_(90,200]_[0,30]_[0,200]_(0.95,5]","diuretics"
0.276886336713951,0.022444544718305,586,0.232895029066073,0.320877644361828,"(65,150]_(150,300]_[0,90]_[0,30]_(200,300]_[0,0.95]","diuretics"
0.266067522613167,0.0398980278996282,149,0.187867387929895,0.344267657296438,"[0,65]_(150,300]_[0,90]_[0,30]_[0,200]_(0.95,5]","diuretics"
0.252668911324666,0.0304343438363349,209,0.19301759740545,0.312320225243883,"[0,65]_(150,300]_[0,90]_(30,100]_[0,200]_(0.95,5]","diuretics"
0.374622400038784,0.0541532129504064,124,0.268482102655988,0.480762697421581,"(65,150]_[0,150]_(90,200]_[0,30]_[0,200]_[0,0.95]","diuretics"
0.193239316939962,0.0438591105539876,130,0.107275460254146,0.279203173625778,"(65,150]_[0,150]_(90,200]_[0,30]_(200,300]_[0,0.95]","diuretics"
0.299443828615007,0.0450542651288109,76,0.211137468962538,0.387750188267477,"(65,150]_[0,150]_(90,200]_[0,30]_(200,300]_(0.95,5]","diuretics"
0.400906236457002,0.0103723922818136,1181,0.380576347584647,0.421236125329356,"(65,150]_[0,150]_[0,90]_(30,100]_[0,200]_(0.95,5]","acei_arb_diuretic"
0.348294327240137,0.0253494193856032,1646,0.298609465244355,0.39797918923592,"[0,65]_[0,150]_[0,90]_(30,100]_[0,200]_[0,0.95]","acei_arb_diuretic"
0.097489719669344,0.00666369643387963,809,0.0844288746589399,0.110550564679748,"[0,65]_(150,300]_(90,200]_(30,100]_[0,200]_[0,0.95]","acei_arb_diuretic"
0.43144167039612,0.00791971759365886,1251,0.415919023912549,0.446964316879692,"(65,150]_[0,150]_[0,90]_[0,30]_[0,200]_(0.95,5]","acei_arb_diuretic"
0.206374959896284,0.0105970531174583,604,0.185604735786066,0.227145184006502,"[0,65]_(150,300]_(90,200]_(30,100]_[0,200]_(0.95,5]","acei_arb_diuretic"
0.352447476961853,0.0357957741680178,967,0.282287759592538,0.422607194331168,"[0,65]_[0,150]_[0,90]_(30,100]_[0,200]_(0.95,5]","acei_arb_diuretic"
0.146854523608332,0.0231605740941595,660,0.101459798383779,0.192249248832884,"[0,65]_(150,300]_(90,200]_[0,30]_(200,300]_[0,0.95]","acei_arb_diuretic"
0.334790039343215,0.0135024288409414,455,0.30832527881497,0.36125479987146,"[0,65]_(150,300]_(90,200]_[0,30]_[0,200]_[0,0.95]","acei_arb_diuretic"
0.297604097728649,0.0115321291753776,700,0.275001124544909,0.320207070912389,"(65,150]_[0,150]_[0,90]_(30,100]_(200,300]_[0,0.95]","acei_arb_diuretic"
0.432087942416443,0.063007930933664,1403,0.308592397786461,0.555583487046424,"(65,150]_[0,150]_[0,90]_(30,100]_[0,200]_[0,0.95]","acei_arb_diuretic"
0.115697562611283,0.00971995058306695,395,0.0966464594684715,0.134748665754094,"(65,150]_(150,300]_(90,200]_[0,30]_(200,300]_[0,0.95]","acei_arb_diuretic"
0.296164208845628,0.0287642923294704,507,0.239786195879866,0.35254222181139,"[0,65]_[0,150]_[0,90]_(30,100]_(200,300]_(0.95,5]","acei_arb_diuretic"
0.174882998566086,0.0212924800609643,882,0.133149737646596,0.216616259485576,"[0,65]_(150,300]_(90,200]_(30,100]_(200,300]_[0,0.95]","acei_arb_diuretic"
0.352616952123429,0.0112268593159211,272,0.330612307864223,0.374621596382634,"[0,65]_[0,150]_(90,200]_[0,30]_(200,300]_(0.95,5]","acei_arb_diuretic"
0.0098835941892488,0.0160601148877221,206,-0.0215942309906865,0.0413614193691841,"(65,150]_(150,300]_(90,200]_(30,100]_[0,200]_(0.95,5]","acei_arb_diuretic"
0.198702510542594,0.0130152267864783,553,0.173192666041097,0.224212355044092,"[0,65]_(150,300]_(90,200]_(30,100]_(200,300]_(0.95,5]","acei_arb_diuretic"
0.0866345057926152,0.0666275508802195,605,-0.043955493932615,0.217224505517845,"[0,65]_[0,150]_(90,200]_(30,100]_(200,300]_[0,0.95]","acei_arb_diuretic"
0.130734751869251,0.0291398811101848,220,0.073620584893289,0.187848918845213,"(65,150]_(150,300]_(90,200]_[0,30]_(200,300]_(0.95,5]","acei_arb_diuretic"
0.344623116595823,0.00782968151129239,603,0.329276940833689,0.359969292357956,"[0,65]_[0,150]_[0,90]_[0,30]_[0,200]_(0.95,5]","acei_arb_diuretic"
0.328911667868792,0.0116573959928419,553,0.306063171722822,0.351760164014762,"(65,150]_[0,150]_[0,90]_[0,30]_(200,300]_(0.95,5]","acei_arb_diuretic"
0.320956775430155,0.00884818854114728,882,0.303614325889506,0.338299224970804,"[0,65]_[0,150]_[0,90]_(30,100]_(200,300]_[0,0.95]","acei_arb_diuretic"
2.66365573044311e-08,0.0132182301080416,122,-0.0259077043752042,0.0259077576483188,"[0,65]_(150,300]_[0,90]_(30,100]_(200,300]_(0.95,5]","acei_arb_diuretic"
0.517816511019758,0.0332831026247398,892,0.452581629875268,0.583051392164248,"[0,65]_[0,150]_[0,90]_[0,30]_[0,200]_[0,0.95]","acei_arb_diuretic"
0.155081405305611,0.0137117792219305,381,0.128206318030628,0.181956492580595,"(65,150]_(150,300]_[0,90]_(30,100]_[0,200]_(0.95,5]","acei_arb_diuretic"
0.166173499129081,0.00734681869246922,419,0.151773734491841,0.18057326376632,"[0,65]_[0,150]_(90,200]_[0,30]_(200,300]_[0,0.95]","acei_arb_diuretic"
0.526989546668977,0.0240624565524017,441,0.47982713182627,0.574151961511685,"[0,65]_[0,150]_[0,90]_[0,30]_(200,300]_(0.95,5]","acei_arb_diuretic"
0.517289003128982,0.0180107511261702,1418,0.481987930921689,0.552590075336276,"(65,150]_[0,150]_[0,90]_[0,30]_[0,200]_[0,0.95]","acei_arb_diuretic"
0.284482758620696,0.00947229857221135,116,0.265917053419162,0.30304846382223,"(65,150]_[0,150]_(90,200]_(30,100]_[0,200]_(0.95,5]","acei_arb_diuretic"
0.25481959873648,0.0139544013409956,366,0.227468972108129,0.282170225364831,"[0,65]_(150,300]_(90,200]_[0,30]_[0,200]_(0.95,5]","acei_arb_diuretic"
0.388911080755571,0.00906053963293001,975,0.371152423075028,0.406669738436114,"(65,150]_[0,150]_[0,90]_[0,30]_(200,300]_[0,0.95]","acei_arb_diuretic"
0.484430933964055,0.0242968232285761,153,0.436809160436046,0.532052707492065,"(65,150]_(150,300]_[0,90]_(30,100]_(200,300]_(0.95,5]","acei_arb_diuretic"
0.217547802367001,0.0209734353952604,476,0.176439868992291,0.258655735741711,"(65,150]_(150,300]_[0,90]_(30,100]_[0,200]_[0,0.95]","acei_arb_diuretic"
0.346312367675052,0.0194472342128622,386,0.308195788617842,0.384428946732262,"[0,65]_[0,150]_(90,200]_[0,30]_[0,200]_[0,0.95]","acei_arb_diuretic"
0.225462566593389,0.0116793351734966,377,0.202571069653336,0.248354063533442,"[0,65]_(150,300]_(90,200]_[0,30]_(200,300]_(0.95,5]","acei_arb_diuretic"
0.19583595034904,0.0109882998532126,280,0.174298882636743,0.217373018061336,"(65,150]_(150,300]_(90,200]_[0,30]_[0,200]_[0,0.95]","acei_arb_diuretic"
9.60374170280252e-09,0.0292765487694373,752,-0.0573820259843554,0.0573820451918388,"[0,65]_[0,150]_(90,200]_(30,100]_[0,200]_[0,0.95]","acei_arb_diuretic"
0.322763533414069,0.0193249798950583,212,0.284886572819755,0.360640494008383,"(65,150]_(150,300]_(90,200]_[0,30]_[0,200]_(0.95,5]","acei_arb_diuretic"
0.104060739743442,0.0075467747259706,668,0.0892690612805392,0.118852418206344,"(65,150]_(150,300]_[0,90]_[0,30]_[0,200]_[0,0.95]","acei_arb_diuretic"
0.239204749592171,0.0342532576798049,185,0.172068364539754,0.306341134644589,"(65,150]_(150,300]_(90,200]_(30,100]_(200,300]_(0.95,5]","acei_arb_diuretic"
0.255728712396882,0.00864262782338448,534,0.238789161863048,0.272668262930715,"[0,65]_[0,150]_(90,200]_(30,100]_[0,200]_(0.95,5]","acei_arb_diuretic"
9.56218913047728e-09,0.0167090491146881,126,-0.0327497267025995,0.0327497458269778,"[0,65]_(150,300]_[0,90]_[0,30]_(200,300]_(0.95,5]","acei_arb_diuretic"
3.75108450108596e-08,0.00667761461335997,396,-0.0130880871313405,0.0130881621530305,"[0,65]_[0,150]_(90,200]_(30,100]_(200,300]_(0.95,5]","acei_arb_diuretic"
0.587470568091552,0.0156210971484203,252,0.556853217680648,0.618087918502455,"[0,65]_(150,300]_[0,90]_[0,30]_(200,300]_[0,0.95]","acei_arb_diuretic"
0.361546717399382,0.00910921587531969,708,0.343692654283755,0.379400780515008,"[0,65]_[0,150]_[0,90]_[0,30]_(200,300]_[0,0.95]","acei_arb_diuretic"
0.338599380394957,0.0135778131311069,345,0.311986866657988,0.365211894131927,"[0,65]_(150,300]_[0,90]_(30,100]_[0,200]_[0,0.95]","acei_arb_diuretic"
0.219970105418524,0.0163033580055731,436,0.188015523727601,0.251924687109448,"(65,150]_[0,150]_[0,90]_(30,100]_(200,300]_(0.95,5]","acei_arb_diuretic"
0.450264963894572,0.0163642698014837,227,0.418190995083664,0.48233893270548,"[0,65]_(150,300]_[0,90]_[0,30]_[0,200]_[0,0.95]","acei_arb_diuretic"
0.207304023498821,0.0112805296441323,287,0.185194185396322,0.229413861601321,"(65,150]_(150,300]_(90,200]_(30,100]_[0,200]_[0,0.95]","acei_arb_diuretic"
0.187369978734529,0.012264117884635,283,0.163332307680644,0.211407649788414,"[0,65]_(150,300]_[0,90]_(30,100]_(200,300]_[0,0.95]","acei_arb_diuretic"
0.244056381787318,0.0177274288707697,302,0.209310621200609,0.278802142374026,"(65,150]_(150,300]_[0,90]_(30,100]_(200,300]_[0,0.95]","acei_arb_diuretic"
0.19688059034755,0.0101079643280125,526,0.177068980264645,0.216692200430454,"(65,150]_(150,300]_[0,90]_[0,30]_[0,200]_(0.95,5]","acei_arb_diuretic"
0.174468341639875,0.0167268295863749,315,0.14168375565058,0.20725292762917,"(65,150]_(150,300]_(90,200]_(30,100]_(200,300]_[0,0.95]","acei_arb_diuretic"
0.43207984516761,0.0347491344412325,123,0.363971541662794,0.500188148672426,"(65,150]_[0,150]_(90,200]_(30,100]_[0,200]_[0,0.95]","acei_arb_diuretic"
3.45888524031002e-09,0.0692976487715103,78,-0.135823388133275,0.135823395051045,"(65,150]_[0,150]_(90,200]_(30,100]_(200,300]_(0.95,5]","acei_arb_diuretic"
7.41759494392498e-08,0.0141284055827289,108,-0.0276916007661992,0.0276917491180981,"(65,150]_[0,150]_(90,200]_(30,100]_(200,300]_[0,0.95]","acei_arb_diuretic"
0.313910932720747,0.0157604992212725,325,0.283020354247053,0.344801511194441,"[0,65]_[0,150]_(90,200]_[0,30]_[0,200]_(0.95,5]","acei_arb_diuretic"
0.418913665166355,0.0535189257298446,337,0.31401657073586,0.523810759596851,"(65,150]_(150,300]_[0,90]_[0,30]_(200,300]_(0.95,5]","acei_arb_diuretic"
4.20786236811889e-08,0.0267612921533014,98,-0.0524520905418471,0.0524521746990944,"(65,150]_[0,150]_(90,200]_[0,30]_[0,200]_(0.95,5]","acei_arb_diuretic"
0.219161018155235,0.0238191473394262,586,0.17247548936996,0.265846546940511,"(65,150]_(150,300]_[0,90]_[0,30]_(200,300]_[0,0.95]","acei_arb_diuretic"
0.304903585358306,0.0197741460871174,149,0.266146259027556,0.343660911689056,"[0,65]_(150,300]_[0,90]_[0,30]_[0,200]_(0.95,5]","acei_arb_diuretic"
0.675312009362131,0.0152837973456021,209,0.645355766564751,0.705268252159511,"[0,65]_(150,300]_[0,90]_(30,100]_[0,200]_(0.95,5]","acei_arb_diuretic"
0.61675581988942,0.0328085130965344,124,0.552451134220212,0.681060505558627,"(65,150]_[0,150]_(90,200]_[0,30]_[0,200]_[0,0.95]","acei_arb_diuretic"
0.335265881722849,0.0288617120041108,130,0.278696926194792,0.391834837250906,"(65,150]_[0,150]_(90,200]_[0,30]_(200,300]_[0,0.95]","acei_arb_diuretic"
4.30927329075665e-08,0.0154602820694373,76,-0.0303021097633643,0.0303021959488301,"(65,150]_[0,150]_(90,200]_[0,30]_(200,300]_(0.95,5]","acei_arb_diuretic"
